cas_number,chemical_name,category_code,deminimis_pct,is_pbt,pbt_threshold_pct
5124-30-1,"1,1'-Methylene bis(4-isocyanatocyclohexane)",N120,1.0,no,
354-11-0,"1,1,1,2-Tetrachloro-2-fluoroethane",,1.0,no,
630-20-6,"1,1,1,2-Tetrachloroethane",,1.0,no,
71-55-6,"1,1,1-Trichloroethane",,1.0,no,
82113-65-3,"1,1,1-Trifluoro-N-[(trifluoromethyl)sulfonyl] methanesulfonamide",,1.0,no,
354-14-3,"1,1,2,2-Tetrachloro-1-fluoroethane",,1.0,no,
79-34-5,"1,1,2,2-Tetrachloroethane",,1.0,no,
27905-45-9,"1,1,2,2-Tetrahydroperfluorodecyl acrylate",,1.0,no,
17741-60-5,"1,1,2,2-Tetrahydroperfluorododecyl acrylate",,1.0,no,
34362-49-7,"1,1,2,2-Tetrahydroperfluorohexadecyl acrylate",,1.0,no,
34395-24-9,"1,1,2,2-Tetrahydroperfluorotetradecyl acrylate",,1.0,no,
79-00-5,"1,1,2-Trichloroethane",,1.0,no,
13474-88-9,"1,1-Dichloro-1,2,2,3,3-pentafluoropropane",,1.0,no,
812-04-4,"1,1-Dichloro-1,2,2-trifluoroethane",,1.0,no,
111512-56-2,"1,1-Dichloro-1,2,3,3,3-pentafluoropropane",,1.0,no,
1717-00-6,"1,1-Dichloro-1-fluoroethane",,1.0,no,
57-14-7,"1,1-Dimethylhydrazine",,1.0,no,
3268-87-9,"1,2,3,4,6,7,8,9-octachlorodibenzo-p-dioxin",N150,0.1,yes,0.1
39001-02-0,"1,2,3,4,6,7,8,9-octachlorodibenzofuran",N150,0.1,yes,0.1
35822-46-9,"1,2,3,4,6,7,8-heptachlorodibenzo-p-dioxin",N150,0.1,yes,0.1
67562-39-4,"1,2,3,4,6,7,8-heptachlorodibenzofuran",N150,0.1,yes,0.1
55673-89-7,"1,2,3,4,7,8,9-heptachlorodibenzofuran",N150,0.1,yes,0.1
39227-28-6,"1,2,3,4,7,8-hexachlorodibenzo-p-dioxin",N150,0.1,yes,0.1
70648-26-9,"1,2,3,4,7,8-hexachlorodibenzofuran",N150,0.1,yes,0.1
57653-85-7,"1,2,3,6,7,8-hexachlorodibenzo-p-dioxin",N150,0.1,yes,0.1
57117-44-9,"1,2,3,6,7,8-hexachlorodibenzofuran",N150,0.1,yes,0.1
19408-74-3,"1,2,3,7,8,9-hexachlorodibenzo-p-dioxin",N150,0.1,yes,0.1
72918-21-9,"1,2,3,7,8,9-hexachlorodibenzofuran",N150,0.1,yes,0.1
40321-76-4,"1,2,3,7,8-pentachlorodibenzo-p-dioxin",N150,0.1,yes,0.1
57117-41-6,"1,2,3,7,8-pentachlorodibenzofuran",N150,0.1,yes,0.1
87-61-6,"1,2,3-Trichlorobenzene",,1.0,no,
96-18-4,"1,2,3-Trichloropropane",,1.0,no,
120-82-1,"1,2,4-Trichlorobenzene",,1.0,no,
95-63-6,"1,2,4-Trimethylbenzene",,1.0,no,
3194-55-6,"1,2,5,6,9,10-Hexabromocyclododecane",N270,0.1,yes,0.1
106-88-7,"1,2-Butylene oxide",,1.0,no,
96-12-8,"1,2-Dibromo-3-chloropropane",,1.0,no,
106-93-4,"1,2-Dibromoethane",,1.0,no,
422-44-6,"1,2-Dichloro-1,1,2,3,3-pentafluoropropane",,1.0,no,
354-23-4,"1,2-Dichloro-1,1,2-trifluoroethane",,1.0,no,
431-86-7,"1,2-Dichloro-1,1,3,3,3-pentafluoropropane",,1.0,no,
1649-08-7,"1,2-Dichloro-1,1-difluoroethane",,1.0,no,
95-50-1,"1,2-Dichlorobenzene",,1.0,no,
107-06-2,"1,2-Dichloroethane",,1.0,no,
540-59-0,"1,2-Dichloroethylene",,1.0,no,
78-87-5,"1,2-Dichloropropane",,1.0,no,
122-66-7,"1,2-Diphenylhydrazine",,1.0,no,
95-54-5,"1,2-Phenylenediamine",,1.0,no,
615-28-1,"1,2-Phenylenediamine dihydrochloride",,1.0,no,
1222-05-5,"1,3,4,6,7,8-Hexahydro-4,6,6,7,8,8-hexamethylcyclopenta[g]-2-benzopyran",,1.0,no,
38661-72-2,"1,3-Bis(methylisocyanate)cyclohexane",N120,1.0,no,
106-99-0,"1,3-Butadiene",,1.0,no,
507-55-1,"1,3-Dichloro-1,1,2,2,3-pentafluoropropane",,1.0,no,
136013-79-1,"1,3-Dichloro-1,1,2,3,3-pentafluoropropane",,1.0,no,
96-23-1,"1,3-Dichloro-2-propanol",,1.0,no,
541-73-1,"1,3-Dichlorobenzene",,1.0,no,
542-75-6,"1,3-Dichloropropylene",,1.0,no,
123-61-5,"1,3-Phenylene diisocyanate",N120,1.0,no,
108-45-2,"1,3-Phenylenediamine",,1.0,no,
1120-71-4,"1,3-Propane sultone",,1.0,no,
148240-89-5,"1,3-Propanediol, 2,2-bis[[(γ-ω-perfluoro-C10-20-alkyl)thio]methyl] derivs., phosphates, ammonium salts",,1.0,no,
148240-85-1,"1,3-Propanediol, 2,2-bis[[(γ-ω-perfluoro-C4-10-alkyl)thio]methyl] derivs., phosphates, ammonium salts",,1.0,no,
148240-87-3,"1,3-Propanediol, 2,2-bis[[(γ-ω-perfluoro-C6-12-alkyl)thio]methyl] derivs., phosphates, ammonium salts",,1.0,no,
1078142-10-5,"1,3-Propanediol, 2,2-bis[[(γ-ω-perfluoro-C6-12-alkyl)thio]methyl] derivs., polymers with 2,2-bis[[(γ-ω-perfluoro-C10-20-alkyl)thio]methyl]-1,3-propanediol, 1,6-diisocyanato-2,2,4(or 2,4,4)-trimethylhexane, 2-heptyl-3,4-bis(9-isocyanatononyl)-1-pentylcyclohexane and 2,2'-(methylimino)bis[ethanol]",,1.0,no,
68515-62-8,"1,4-Benzenedicarboxylic acid, dimethyl ester, reaction products with bis(2-hydroxyethyl) terephthalate, ethylene glycol, α-fluoro-ω-(2- hydroxyethyl)poly(difluoromethylene), hexakis(methoxymethyl)melamine and polyethylene glycol",,1.0,no,
10347-54-3,"1,4-Bis(methylisocyanate)cyclohexane",N120,1.0,no,
2556-36-7,"1,4-Cyclohexane diisocyanate",N120,1.0,no,
764-41-0,"1,4-Dichloro-2-butene",,1.0,no,
106-46-7,"1,4-Dichlorobenzene",,1.0,no,
123-91-1,"1,4-Dioxane",,1.0,no,
104-49-4,"1,4-Phenylene diisocyanate",N120,1.0,no,
624-18-0,"1,4-Phenylenediamine dihydrochloride",,1.0,no,
3173-72-6,"1,5-Naphthalene diisocyanate",N120,1.0,no,
42397-64-8,"1,6-Dinitropyrene",N590,1.0,no,
42397-65-9,"1,8-Dinitropyrene",N590,1.0,no,
4080-31-3,"1-(3-Chloroallyl)-3,5,7-triaza-1-azoniaadamantane chloride",,1.0,no,
81-49-2,"1-Amino-2,4-dibromoanthraquinone",,1.0,no,
82-28-0,1-Amino-2-methylanthraquinone,,1.0,no,
35691-65-7,"1-Bromo-1-(bromomethyl)-1,3-propanedicarbonitrile",,1.0,no,
106-94-5,1-Bromopropane,,1.0,no,
354-25-6,"1-Chloro-1,1,2,2-tetrafluoroethane",,1.0,no,
75-68-3,"1-Chloro-1,1-difluoroethane",,1.0,no,
67906-42-7,"1-Decanesulfonic acid, 1,1,2,2,3,3,4,4,5,5,6,6,7,7,8,8,9,9,10,10,10-heneicosafluoro-, ammonium salt",,1.0,no,
678-39-7,"1-Decanol, 3,3,4,4,5,5,6,6,7,7,8,8,9,9,10,10,10-heptadecafluoro-",,1.0,no,
27619-91-6,"1-Dodecanesulfonyl chloride, 3,3,4,4,5,5,6,6,7,7,8,8,9,9,10,10,11,11,12,12,12-heneicosafluoro-",,1.0,no,
865-86-1,"1-Dodecanol, 3,3,4,4,5,5,6,6,7,7,8,8,9,9,10,10,11,11,12,12,12-heneicosafluoro-",,1.0,no,
65104-65-6,"1-Eicosanol, 3,3,4,4,5,5,6,6,7,7,8,8,9,9,10,10,11,11,12,12,13,13,14,14,15,15,16,16,17,17,18,18,19,19,20,20,20-heptatriacontafluoro-",,1.0,no,
68555-76-0,"1-Heptanesulfonamide, 1,1,2,2,3,3,4,4,5,5,6,6,7,7,7-pentadecafluoro-N-(2-hydroxyethyl)-N-methyl-",,1.0,no,
68957-62-0,"1-Heptanesulfonamide, N-ethyl-1,1,2,2,3,3,4,4,5,5,6,6,7,7,7-pentadecafluoro-",,1.0,no,
68259-07-4,"1-Heptanesulfonic acid, 1,1,2,2,3,3,4,4,5,5,6,6,7,7,7-pentadecafluoro-, ammonium salt",,1.0,no,
70225-15-9,"1-Heptanesulfonic acid, 1,1,2,2,3,3,4,4,5,5,6,6,7,7,7-pentadecafluoro-, compd. with 2,2'-iminobis[ethanol] (1:1)",,1.0,no,
60270-55-5,"1-Heptanesulfonic acid, 1,1,2,2,3,3,4,4,5,5,6,6,7,7,7-pentadecafluoro-, potassium salt",,1.0,no,
335-71-7,"1-Heptanesulfonyl fluoride, 1,1,2,2,3,3,4,4,5,5,6,6,7,7,7- pentadecafluoro-",,1.0,no,
60699-51-6,"1-Hexadecanol, 3,3,4,4,5,5,6,6,7,7,8,8,9,9,10,10,11,11,12,12,13,13,14,14,15,15,16,16,16-nonacosafluoro-",,1.0,no,
68555-75-9,"1-Hexanesulfonamide, 1,1,2,2,3,3,4,4,5,5,6,6,6-tridecafluoro-N-(2- hydroxyethyl)-N-methyl-",,1.0,no,
68259-08-5,"1-Hexanesulfonic acid, 1,1,2,2,3,3,4,4,5,5,6,6,6-tridecafluoro-, ammonium salt",,1.0,no,
70225-16-0,"1-Hexanesulfonic acid, 1,1,2,2,3,3,4,4,5,5,6,6,6-tridecafluoro-, compd. with 2,2'-iminobis[ethanol] (1:1)",,1.0,no,
3871-99-6,"1-Hexanesulfonic acid, 1,1,2,2,3,3,4,4,5,5,6,6,6-tridecafluoro-, potassium salt",,1.0,no,
5522-43-0,1-Nitropyrene,N590,1.0,no,
17202-41-4,"1-Nonanesulfonic acid, 1,1,2,2,3,3,4,4,5,5,6,6,7,7,8,8,9,9,9-nonadecafluoro-, ammonium salt",,1.0,no,
65104-67-8,"1-Octadecanol, 3,3,4,4,5,5,6,6,7,7,8,8,9,9,10,10,11,11,12,12,13,13,14,14,15,15,16,16,17,17,18,18,18-tritriacontafluoro-",,1.0,no,
24448-09-7,"1-Octanesulfonamide, 1,1,2,2,3,3,4,4,5,5,6,6,7,7,8,8,8-heptadecafluoro-N-(2-hydroxyethyl)-N-methyl-",,1.0,no,
31506-32-8,"1-Octanesulfonamide, 1,1,2,2,3,3,4,4,5,5,6,6,7,7,8,8,8-heptadecafluoro-N-methyl-",,1.0,no,
178094-69-4,"1-Octanesulfonamide, N-[3-(dimethyloxidoamino)propyl]-1,1,2,2,3,3,4,4,5,5,6,6,7,7,8,8,8-heptadecafluoro-, potassium salt",,1.0,no,
67969-69-1,"1-Octanesulfonamide, N-ethyl-1,1,2,2,3,3,4,4,5,5,6,6,7,7,8,8,8-heptadecafluoro-N-[2-(phosphonooxy)ethyl]-, diammonium salt",,1.0,no,
61660-12-6,"1-Octanesulfonamide, N-ethyl-1,1,2,2,3,3,4,4,5,5,6,6,7,7,8,8,8-heptadecafluoro-N-[3-(trimethoxysilyl)propyl]-",,1.0,no,
29081-56-9,"1-Octanesulfonic acid, 1,1,2,2,3,3,4,4,5,5,6,6,7,7,8,8,8-heptadecafluoro-, ammonium salt",,1.0,no,
70225-14-8,"1-Octanesulfonic acid, 1,1,2,2,3,3,4,4,5,5,6,6,7,7,8,8,8-heptadecafluoro-, compd. with 2,2'-iminobis[ethanol] (1:1)",,1.0,no,
68555-74-8,"1-Pentanesulfonamide, 1,1,2,2,3,3,4,4,5,5,5-undecafluoro-N-(2- hydroxyethyl)-N-methyl-",,1.0,no,
68259-09-6,"1-Pentanesulfonic acid, 1,1,2,2,3,3,4,4,5,5,5-undecafluoro-, ammonium salt",,1.0,no,
70225-17-1,"1-Pentanesulfonic acid, 1,1,2,2,3,3,4,4,5,5,5-undecafluoro-, compd. with 2,2'-iminobis[ethanol] (1:1)",,1.0,no,
3872-25-1,"1-Pentanesulfonic acid, 1,1,2,2,3,3,4,4,5,5,5-undecafluoro-, potassium salt",,1.0,no,
70983-60-7,"1-Propanaminium, 2-hydroxy-N,N,N-trimethyl-, 3-[(γ-ω-perfluoro-C6-20-alkyl)thio] derivs., chlorides",,1.0,no,
38006-74-5,"1-Propanaminium, 3-[[(heptadecafluorooctyl)sulfonyl]amino]-N,N,N- trimethyl-, chloride",,1.0,no,
1078715-61-3,"1-Propanaminium, 3-amino-N-(carboxymethyl)-N,N-dimethyl-, N-[2-[(γ-ω-perfluoro-C4-20-alkyl)thio]acetyl] derivs., inner salts",,1.0,no,
68555-81-7,"1-Propanaminium, N,N,N-trimethyl-3-[[(pentadecafluoroheptyl)sulfonyl]amino]-, chloride",,1.0,no,
67584-58-1,"1-Propanaminium, N,N,N-trimethyl-3-[[(pentadecafluoroheptyl)sulfonyl]amino]-, iodide",,1.0,no,
52166-82-2,"1-Propanaminium, N,N,N-trimethyl-3-[[(tridecafluorohexyl)sulfonyl]amino]-, chloride",,1.0,no,
68957-58-4,"1-Propanaminium, N,N,N-trimethyl-3-[[(tridecafluorohexyl)sulfonyl]amino]-, iodide",,1.0,no,
68957-55-1,"1-Propanaminium, N,N,N-trimethyl-3-[[(undecafluoropentyl)sulfonyl]amino]-, chloride",,1.0,no,
68957-57-3,"1-Propanaminium, N,N,N-trimethyl-3-[[(undecafluoropentyl)sulfonyl]amino]-, iodide",,1.0,no,
68187-47-3,"1-Propanesulfonic acid, 2-methyl-, 2-[[1-oxo-3-[(γ-ω-perfluoro-C4-16-alkyl)thio]propyl]amino] derivs., sodium salts",,1.0,no,
68758-57-6,"1-Tetradecanesulfonyl chloride, 3,3,4,4,5,5,6,6,7,7,8,8,9,9,10,10,11,11,12,12,13,13,14,14,14-pentacosafluoro-",,1.0,no,
39239-77-5,"1-Tetradecanol, 3,3,4,4,5,5,6,6,7,7,8,8,9,9,10,10,11,11,12,12,13,13,14,14,14-pentacosafluoro-",,1.0,no,
16938-22-0,"2,2,4-Trimethylhexamethylene diisocyanate",N120,1.0,no,
3296-90-0,"2,2-Bis(bromomethyl)-1,3-propanediol",,1.0,no,
128903-21-9,"2,2-Dichloro-1,1,1,3,3-pentafluoropropane",,1.0,no,
306-83-2,"2,2-Dichloro-1,1,1-trifluoroethane",,1.0,no,
60851-34-5,"2,3,4,6,7,8-hexachlorodibenzofuran",N150,0.1,yes,0.1
58-90-2,"2,3,4,6-Tetrachlorophenol",,1.0,no,
57117-31-4,"2,3,4,7,8-pentachlorodibenzofuran",N150,0.1,yes,0.1
15950-66-0,"2,3,4-Trichlorophenol",,1.0,no,
933-78-8,"2,3,5-Trichlorophenol",,1.0,no,
2655-15-4,"2,3,5-Trimethylphenyl methylcarbamate",,1.0,no,
933-75-5,"2,3,6-Trichlorophenol",,1.0,no,
1746-01-6,"2,3,7,8-Tetrachlorodibenzo-p-dioxin (TCDD)",N150,0.1,yes,0.1
51207-31-9,"2,3,7,8-Tetrachlorodibenzofuran",N150,0.1,yes,0.1
422-48-0,"2,3-Dichloro-1,1,1,2,3-pentafluoropropane",,1.0,no,
78-88-6,"2,3-Dichloropropene",,1.0,no,
75790-87-3,"2,4'-Diisocyanatodiphenyl sulfide",N120,1.0,no,
15646-96-5,"2,4,4-Trimethylhexamethylene diisocyanate",N120,1.0,no,
95-95-4,"2,4,5-Trichlorophenol",,1.0,no,
88-06-2,"2,4,6-Trichlorophenol",,1.0,no,
94-75-7,"2,4-D",,1.0,no,
1929-73-3,"2,4-D 2-butoxyethyl ester",,1.0,no,
53404-37-8,"2,4-D 2-ethyl-4-methylpentyl ester",,1.0,no,
1928-43-4,"2,4-D 2-ethylhexyl ester",,1.0,no,
94-80-4,"2,4-D butyl ester",,1.0,no,
2971-38-2,"2,4-D chlorocrotyl ester",,1.0,no,
94-11-1,"2,4-D isopropyl ester",,1.0,no,
1320-18-9,"2,4-D propylene glycol butyl ether ester",,1.0,no,
2702-72-9,"2,4-D sodium salt",,1.0,no,
94-82-6,"2,4-DB",,1.0,no,
615-05-4,"2,4-Diaminoanisole",,1.0,no,
39156-41-7,"2,4-Diaminoanisole sulfate",,1.0,no,
95-80-7,"2,4-Diaminotoluene",,1.0,no,
120-83-2,"2,4-Dichlorophenol",,1.0,no,
105-67-9,"2,4-Dimethylphenol",,1.0,no,
51-28-5,"2,4-Dinitrophenol (7)",,1.0,no,
121-14-2,"2,4-Dinitrotoluene",,1.0,no,
541-53-7,"2,4-Dithiobiuret",,1.0,no,
120-36-5,"2,4-DP",,1.0,no,
606-20-2,"2,6-Dinitrotoluene",,1.0,no,
87-62-7,"2,6-Xylidine",,1.0,no,
25268-77-3,2-[[(Heptadecafluorooctyl)sulfonyl]methylamino]ethyl acrylate,,1.0,no,
383-07-3,2-[Butyl[(heptadecafluorooctyl)sulfonyl]amino]ethyl acrylate,,1.0,no,
423-82-5,2-[Ethyl[(heptadecafluorooctyl)sulfonyl]amino]ethyl acrylate,,1.0,no,
376-14-7,2-[Ethyl[(heptadecafluorooctyl)sulfonyl]amino]ethyl methacrylate,,1.0,no,
53-96-3,2-Acetylaminofluorene,,1.0,no,
117-79-3,2-Aminoanthraquinone,,1.0,no,
2837-89-0,"2-Chloro-1,1,1,2-tetrafluoroethane",,1.0,no,
75-88-7,"2-Chloro-1,1,1-trifluoroethane",,1.0,no,
532-27-4,2-Chloroacetophenone,,1.0,no,
110-80-5,2-Ethoxyethanol,,1.0,no,
149-30-4,2-Mercaptobenzothiazole,,1.0,no,
109-86-4,2-Methoxyethanol,,1.0,no,
75-86-5,2-Methyllactonitrile,,1.0,no,
109-06-8,2-Methylpyridine,,1.0,no,
88-75-5,2-Nitrophenol,,1.0,no,
79-46-9,2-Nitropropane,,1.0,no,
90-43-7,2-Phenylphenol,,1.0,no,
68084-62-8,"2-Propenoic acid, 2- [methyl[(pentadecafluoroheptyl)sulfonyl]amino]ethyl ester",,1.0,no,
68867-60-7,"2-Propenoic acid, 2-[[(heptadecafluorooctyl)sulfonyl]methylamino]ethyl ester, polymer with 2-[methyl [(nonafluorobutyl)sulfonyl]amino]ethyl 2- propenoate, 2-[methyl[(pentadecafluoroheptyl)sulfonyl]amino]ethyl 2- propenoate, 2-[methyl[(tridecafluorohexyl)sulfonyl]amino]ethyl 2- propenoate, 2-[methyl[(undecafluoropentyl)sulfonyl]amino]ethyl 2- propenoate and α-(1-oxo-2-propenyl)-ω-methoxypoly(oxy-1,2-ethanediyl)",,1.0,no,
68298-62-4,"2-Propenoic acid, 2-[butyl[(heptadecafluorooctyl)sulfonyl]amino]ethyl ester, telomer with 2-[butyl[(pentadecafluoroheptyl)sulfonyl]amino]ethyl 2-propenoate, methyloxirane polymer with oxirane di-2-propenoate, methyloxirane polymer with oxirane mono-2-propenoate and 1-octanethiol",,1.0,no,
59071-10-2,"2-Propenoic acid, 2-[ethyl[(pentadecafluoroheptyl)sulfonyl]amino]ethyl ester",,1.0,no,
67584-57-0,"2-Propenoic acid, 2-[methyl[(tridecafluorohexyl)sulfonyl]amino]ethyl ester",,1.0,no,
67584-56-9,"2-Propenoic acid, 2-[methyl[(undecafluoropentyl)sulfonyl]amino]ethyl ester",,1.0,no,
150135-57-2,"2-Propenoic acid, 2-methyl-, 2-(dimethylamino)ethyl ester, polymers with Bu acrylate, γ-ω-perfluoro-C8-14-alkyl acrylate and polyethylene glycol monomethacrylate, 2,2'-azobis[2,4-dimethylpentanenitrile]- initiated",,1.0,no,
196316-34-4,"2-Propenoic acid, 2-methyl-, 2-(dimethylamino)ethyl ester, polymers with γ-ω-perfluoro-C10-16-alkyl acrylate and vinyl acetate, acetates",,1.0,no,
68555-91-9,"2-Propenoic acid, 2-methyl-, 2-[ethyl[(heptadecafluorooctyl)sulfonyl]amino]ethyl ester, polymer with 2-[ethyl[(nonafluorobutyl)sulfonyl]amino]ethyl-methyl-2-propenoate, 2-[ethyl[(pentadecafluoroheptyl)sulfonyl]amino]ethyl 2-methyl-2-propenoate, 2-[ethyl[(tridecafluorohexyl)sulfonyl]amino]ethyl 2-methyl- 2-propenoate, 2-[ethyl[(undecafluoropentyl)sulfonyl]amino]ethyl 2-methyl-2-propenoate and octadecyl 2-methyl-2-propenoate",,1.0,no,
68239-43-0,"2-Propenoic acid, 2-methyl-, 2-ethylhexyl ester, polymer with α-fluoro-ω-[2-[(2-methyl-1-oxo-2-propen-1- yl)oxy]ethyl]poly(difluoromethylene), 2-hydroxyethyl 2-methyl-2-propenoate and N-(hydroxymethyl)-2-propenamide",,1.0,no,
1996-88-9,"2-Propenoic acid, 2-methyl-, 3,3,4,4,5,5,6,6,7,7,8,8,9,9,10,10,10-heptadecafluorodecyl ester",,1.0,no,
2144-54-9,"2-Propenoic acid, 2-methyl-, 3,3,4,4,5,5,6,6,7,7,8,8,9,9,10,10,11,11,12,12,12-heneicosafluorododecyl ester",,1.0,no,
65104-45-2,"2-Propenoic acid, 2-methyl-, 3,3,4,4,5,5,6,6,7,7,8,8,9,9,10,10,11,11,12,12,12-heneicosafluorododecyl ester, polymer with 3,3,4,4,5,5,6,6,7,7,8,8,9,9,10,10,10-heptadecafluorodecyl 2-methyl-2-propenoate, methyl 2-methyl-2-propenoate, 3,3,4,4,5,5,6,6,7,7,8,8,9,9,10,10,11,11,12,12,13,13,14,14,14-pentacosafluorotetradecyl 2-methyl-2-propenoate and 3,3,4,4,5,5,6,6,7,7,8,8,8-tridecafluorooctyl 2-methyl-2-propenoate",,1.0,no,
6014-75-1,"2-Propenoic acid, 2-methyl-, 3,3,4,4,5,5,6,6,7,7,8,8,9,9,10,10,11,11,12,12,13,13,14,14,14-pentacosafluorotetradecyl ester",,1.0,no,
4980-53-4,"2-Propenoic acid, 2-methyl-, 3,3,4,4,5,5,6,6,7,7,8,8,9,9,10,10,11,11,12,12,13,13,14,14,15,15,16,16,16- nonacosafluorohexadecyl ester",,1.0,no,
65605-59-6,"2-Propenoic acid, 2-methyl-, dodecyl ester, polymer with α-fluoro-ω-[2-[(2-methyl-1-oxo-2-propen-1-yl)oxy]ethyl]poly(difluoromethylene) and N-(hydroxymethyl)-2-propenamide",,1.0,no,
203743-03-7,"2-Propenoic acid, 2-methyl-, hexadecyl ester, polymers with 2-hydroxyethyl methacrylate, γ-ω-perfluoro-C10-16-alkyl acrylate and stearyl methacrylate",,1.0,no,
142636-88-2,"2-Propenoic acid, 2-methyl-, octadecyl ester, polymer with 3,3,4,4,5,5,6,6,7,7,8,8,9,9,10,10,11,11,12,12,12-heneicosafluorododecyl 2-propenoate, 3,3,4,4,5,5,6,6,7,7,8,8,9,9,10,10,10-heptadecafluorodecyl 2-propenoate and 3,3,4,4,5,5,6,6,7,7,8,8,9,9,10,10,11,11,12,12,13,13,14,14,14-pentacosafluorotetradecyl 2-propenoate",,1.0,no,
200513-42-4,"2-Propenoic acid, 2-methyl-, polymer with butyl 2-methyl-2-propenoate, 3,3,4,4,5,5,6,6,7,7,8,8,9,9,10,10,10-heptadecafluorodecyl 2-propenoate, 2-hydroxyethyl 2-methyl-2-propenoate and methyl 2-methyl-2-propenoate",,1.0,no,
68227-96-3,"2-Propenoic acid, butyl ester, telomer with 2-[[(heptadecafluorooctyl)sulfonyl]methylamino]ethyl 2-propenoate, 2-[methyl[(nonafluorobutyl)sulfonyl]amino]ethyl 2-propenoate, α-(2- methyl-1-oxo-2-propenyl)-ω-hydroxypoly(oxy-1,4-butanediyl), α-(2- methyl-1-oxo-2-propenyl)-ω-[(2-methyl-1-oxo-2- propenyl)oxy]poly(oxy-1,4-butanediyl), 2-[methyl [(pentadecafluoroheptyl)sulfonyl]amino]ethyl 2-propenoate, 2- [methyl[(tridecafluorohexyl)sulfonyl]amino]ethyl 2-propenoate, 2-[methyl[(undecafluoropentyl)sulfonyl]amino]ethyl 2-propenoate and 1-octanethiol",,1.0,no,
65605-58-5,"2-Propenoic acid, esters, 2-methyl-, dodecyl ester, polymer with α-fluoro-ω-[2-[(2-methyl-1-oxo-2-propen-1-yl)oxy]ethyl]poly(difluoromethylene)",,1.0,no,
91-94-1,"3,3'-Dichlorobenzidine",,1.0,no,
612-83-9,"3,3'-Dichlorobenzidine dihydrochloride",,1.0,no,
64969-34-2,"3,3'-Dichlorobenzidine sulfate",,1.0,no,
119-90-4,"3,3'-Dimethoxybenzidine",,1.0,no,
20325-40-0,"3,3'-Dimethoxybenzidine dihydrochloride",,1.0,no,
111984-09-9,"3,3'-Dimethoxybenzidine monohydrochloride",,1.0,no,
91-93-0,"3,3'-Dimethoxybenzidine-4,4'-diisocyanate",N120,1.0,no,
91-97-4,"3,3'-Dimethyl-4,4'-diphenylene diisocyanate",N120,1.0,no,
119-93-7,"3,3'-Dimethylbenzidine",,1.0,no,
612-82-8,"3,3'-Dimethylbenzidine dihydrochloride",,1.0,no,
41766-75-0,"3,3'-Dimethylbenzidine dihydrofluoride",,1.0,no,
139-25-3,"3,3'-Dimethyldiphenylmethane-4,4'-diisocyanate",N120,1.0,no,
422-56-0,"3,3-Dichloro-1,1,1,2,2-pentafluoropropane",,1.0,no,
27177-08-8,"3,6,9,12,15,18,21,24,27-Nonaoxanonacosan-1-ol, 29-(nonylphenoxy)-",N535,1.0,no,
26571-11-9,"3,6,9,12,15,18,21,24-Octaoxahexacosan-1-ol, 26-(nonylphenoxy)-",N535,1.0,no,
27177-05-5,"3,6,9,12,15,18,21-Heptaoxatricosan-1-ol, 23-(nonylphenoxy)-",N535,1.0,no,
1652-63-7,"3-[[(Heptadecafluorooctyl)sulfonyl]amino]-N,N,N-trimethyl-1-propanaminium iodide",,1.0,no,
460-35-5,"3-Chloro-1,1,1-trifluoropropane",,1.0,no,
563-47-3,3-Chloro-2-methyl-1-propene,,1.0,no,
542-76-7,3-Chloropropionitrile,,1.0,no,
55406-53-6,3-Iodo-2-propynyl butylcarbamate,,1.0,no,
56-49-5,3-Methylcholanthrene,N590,1.0,no,
101-80-4,"4,4'-Diaminodiphenyl ether",,1.0,no,
4128-73-8,"4,4'-Diisocyanatodiphenyl ether",N120,1.0,no,
80-05-7,"4,4'-Isopropylidenediphenol",,1.0,no,
101-14-4,"4,4'-Methylenebis(2-chloroaniline)",,1.0,no,
101-61-1,"4,4'-Methylenebis(N,N-dimethyl)benzenamine",,1.0,no,
101-77-9,"4,4'-Methylenedianiline",,1.0,no,
139-65-1,"4,4'-Thiodianiline",,1.0,no,
101-68-8,"4,4’-Methylenedi(phenyl isocyanate)",N120,1.0,no,
534-52-1,"4,6-Dinitro-o-cresol",,1.0,no,
60-09-3,4-Aminoazobenzene,,1.0,no,
92-67-1,4-Aminobiphenyl,,1.0,no,
60-11-7,4-Dimethylaminoazobenzene,,1.0,no,
26543-97-5,4-Isononylphenol,N530,1.0,no,
75790-84-0,"4-Methyldiphenylmethane-3,4-diisocyanate",N120,1.0,no,
92-93-3,4-Nitrobiphenyl,,1.0,no,
100-02-7,4-Nitrophenol,,1.0,no,
104-40-5,4-Nonylphenol,N530,1.0,no,
84852-15-3,"4-Nonylphenol, branched",N530,1.0,no,
57835-92-4,4–Nitropyrene,N590,1.0,no,
3697-24-3,5-Methylchrysene,N590,1.0,no,
99-59-2,5-Nitro-o-anisidine,,1.0,no,
99-55-8,5-Nitro-o-toluidine,,1.0,no,
7496-02-8,6-Nitrochrysene,N590,1.0,no,
27619-97-2,6:2 Fluorotelomer sulfonate acid,,1.0,no,
59587-39-2,6:2 Fluorotelomer sulfonate ammonium salt,,1.0,no,
425670-75-3,6:2 Fluorotelomer sulfonate anion,,1.0,no,
59587-38-1,6:2 Fluorotelomer sulfonate potassium salt,,1.0,no,
27619-94-9,6:2 Fluorotelomer sulfonate sodium salt,,1.0,no,
57-97-6,"7,12-Dimethylbenz[a]anthracene",N590,1.0,no,
194-59-2,"7H-Dibenzo[c,g]carbazole",N590,1.0,no,
71751-41-2,Abamectin,,1.0,no,
30560-19-1,Acephate,,1.0,no,
75-07-0,Acetaldehyde,,1.0,no,
60-35-5,Acetamide,,1.0,no,
2742694-36-4,"Acetamide, N-(2-aminoethyl)-, 2-[(γ-ω-perfluoro-C4-20-alkyl)thio] derivs., polymers with N1,N1-dimethyl-1,3-propanediamine, epichlorohydrin and ethylenediamine, oxidized",,1.0,no,
2738952-61-7,"Acetamide, N-[3-(dimethylamino)propyl]-, 2-[(γ-ω-perfluoro-C4-20-alkyl)thio] derivs.",,1.0,no,
2744262-09-5,"Acetic acid, 2-[(γ-ω-perfluoro-C4-20-alkyl)thio] derivs., 2-hydroxypropyl esters",,1.0,no,
3030471-22-5,"Acetic acid, [(γ-ω-perfluoro-C8-10-alkyl)thio] derivs., Bu esters",,1.0,no,
75-05-8,Acetonitrile,,1.0,no,
98-86-2,Acetophenone,,1.0,no,
62476-59-9,"Acifluorfen, sodium salt",,1.0,no,
107-02-8,Acrolein,,1.0,no,
79-06-1,Acrylamide,,1.0,no,
79-10-7,Acrylic acid,,1.0,no,
107-13-1,Acrylonitrile,,1.0,no,
15972-60-8,Alachlor,,1.0,no,
68391-08-2,"Alcohols, C8-14, γ-ω-perfluoro",,1.0,no,
2728655-42-1,"Alcohols, C8-16, γ-ω-perfluoro, reaction products with 1,6 diisocyanatohexane, glycidol and stearyl alc.",,1.0,no,
116-06-3,Aldicarb,,1.0,no,
309-00-2,Aldrin,,0.1,yes,0.1
97659-47-7,"Alkenes, C8-14 α-, δ-ω-perfluoro",,1.0,no,
68188-12-5,"Alkyl iodides, C4-20, γ-ω-perfluoro",,1.0,no,
107-18-6,Allyl alcohol,,1.0,no,
107-05-1,Allyl chloride,,1.0,no,
107-11-9,Allylamine,,1.0,no,
319-84-6,alpha-Hexachlorocyclohexane,,0.1,yes,0.1
134-32-7,alpha-Naphthylamine,,1.0,no,
7429-90-5,Aluminum (fume or dust),,1.0,no,
1344-28-1,Aluminum oxide (fibrous forms),,1.0,no,
20859-73-8,Aluminum phosphide,,1.0,no,
834-12-8,Ametryn,,1.0,no,
33089-61-1,Amitraz,,1.0,no,
61-82-5,Amitrole,,1.0,no,
7664-41-7,Ammonia (includes anhydrous ammonia and aqueous ammonia from water dissociable ammonium salts and other sources; 10 percent of total aqueous ammonia is reportable under this listing),,1.0,no,
7789-09-5,Ammonium bichromate,,1.0,no,
7788-98-9,Ammonium chromate,,1.0,no,
10495-86-0,Ammonium perfluorobutanoate,,1.0,no,
3108-42-7,Ammonium perfluorodecanoate (PFDA NH4),,1.0,no,
21615-47-4,Ammonium perfluorohexanoate,,1.0,no,
3825-26-1,Ammonium perfluorooctanoate,,1.0,no,
7803-55-6,Ammonium vanadate,,1.0,no,
101-05-3,Anilazine,,1.0,no,
62-53-3,Aniline,,1.0,no,
120-12-7,Anthracene,,1.0,no,
7783-70-2,Antimony pentafluoride,,1.0,no,
28300-74-5,Antimony potassium tartrate,,1.0,no,
7789-61-9,Antimony tribromide,,1.0,no,
10025-91-9,Antimony trichloride,,1.0,no,
7783-56-4,Antimony trifluoride,,1.0,no,
1309-64-4,Antimony trioxide,,1.0,no,
7440-36-0,Antimony ††,,1.0,no,
7778-39-4,Arsenic acid,,1.0,no,
12044-79-0,Arsenic disulfide (2),,1.0,no,
1303-28-2,Arsenic pentoxide,,1.0,no,
1327-53-3,Arsenic trioxide,,1.0,no,
1303-33-9,Arsenic trisulfide,,1.0,no,
7440-38-2,Arsenic ††,,1.0,no,
7784-34-1,Arsenous trichloride,,1.0,no,
1332-21-4,Asbestos (friable) †††,,1.0,no,
1912-24-9,Atrazine,,1.0,no,
7440-39-3,Barium,,1.0,no,
542-62-1,Barium cyanide,,1.0,no,
22781-23-3,Bendiocarb,,1.0,no,
1861-40-1,Benfluralin,,1.0,no,
17804-35-2,Benomyl,,1.0,no,
56-55-3,Benz[a]anthracene,N590,1.0,no,
98-87-3,Benzal chloride,,1.0,no,
55-21-0,Benzamide,,1.0,no,
71-43-2,Benzene a,,1.0,no,
92-87-5,Benzidine,,1.0,no,
218-01-9,Benzo[a]phenanthrene,N590,1.0,no,
50-32-8,Benzo[a]pyrene,N590,1.0,no,
205-99-2,Benzo[b]fluoranthene,N590,1.0,no,
191-24-2,"Benzo[g,h,i]perylene",,1.0,no,
206-44-0,"Benzo[j,k]fluorene",N590,1.0,no,
205-82-3,Benzo[j]fluoranthene,N590,1.0,no,
207-08-9,Benzo[k]fluoranthene,N590,1.0,no,
189-55-9,Benzo[rst]pentaphene,N590,1.0,no,
98-07-7,Benzoic trichloride,,1.0,no,
98-88-4,Benzoyl chloride,,1.0,no,
94-36-0,Benzoyl peroxide,,1.0,no,
100-44-7,Benzyl chloride,,1.0,no,
7787-47-5,Beryllium chloride,,1.0,no,
7787-49-7,Beryllium fluoride,,1.0,no,
7787-55-5,Beryllium nitrate,,1.0,no,
13597-99-4,Beryllium nitrate,,1.0,no,
7440-41-7,Beryllium ††,,1.0,no,
91-59-8,beta-Naphthylamine,,1.0,no,
57-57-8,beta-Propiolactone,,1.0,no,
2816091-53-7,"Betaines, dimethyl(.gamma.-.omega.-perfluoro-.gamma.-hydro-C8-18-alkyl)",,1.0,no,
82657-04-3,Bifenthrin,,1.0,no,
92-52-4,Biphenyl,,1.0,no,
108-60-1,Bis(2-chloro-1-methylethyl)ether,,1.0,no,
111-91-1,Bis(2-chloroethoxy) methane,,1.0,no,
111-44-4,Bis(2-chloroethyl) ether,,1.0,no,
14103-61-8,"Bis(3,5,5-trimethylhexyl) phthalate",N125,1.0,no,
111983-10-9,"Bis(3-ethylheptan-2-yl) benzene-1,2-dicarboxylate",N125,1.0,no,
20548-62-3,Bis(7-methyloctyl) phthalate,N125,1.0,no,
542-88-1,Bis(chloromethyl) ether,,1.0,no,
56-35-9,Bis(tributyltin) oxide,,1.0,no,
10294-34-5,Boron trichloride,,1.0,no,
7637-07-2,Boron trifluoride,,1.0,no,
71549-78-5,Branched dinonyl phthalate,N125,1.0,no,
314-40-9,Bromacil,,1.0,no,
53404-19-6,"Bromacil, lithium salt",,1.0,no,
7726-95-6,Bromine,,1.0,no,
353-59-3,Bromochlorodifluoromethane,,1.0,no,
75-25-2,Bromoform,,1.0,no,
74-83-9,Bromomethane,,1.0,no,
75-63-8,Bromotrifluoromethane,,1.0,no,
1689-84-5,Bromoxynil,,1.0,no,
1689-99-2,Bromoxynil octanoate,,1.0,no,
357-57-3,Brucine,,1.0,no,
68187-25-7,"Butanoic acid, 4-[[3-(dimethylamino)propyl]amino]-4-oxo-, 2(or 3)-[(γ-ω-perfluoro-C6-20-alkyl)thio] derivs.",,1.0,no,
141-32-2,Butyl acrylate,,1.0,no,
123-72-8,Butyraldehyde,,1.0,no,
4680-78-8,C.I. Acid Green 3,,1.0,no,
6459-94-5,C.I. Acid Red 114,,1.0,no,
569-64-2,C.I. Basic Green 4,,1.0,no,
989-38-8,C.I. Basic Red 1,,1.0,no,
1937-37-7,C.I. Direct Black 38,,1.0,no,
28407-37-6,C.I. Direct Blue 218,,1.0,no,
2602-46-2,C.I. Direct Blue 6,,1.0,no,
16071-86-6,C.I. Direct Brown 95,,1.0,no,
2832-40-8,C.I. Disperse Yellow 3,,1.0,no,
81-88-9,C.I. Food Red 15,,1.0,no,
3761-53-3,C.I. Food Red 5,,1.0,no,
3118-97-6,C.I. Solvent Orange 7,,1.0,no,
842-07-9,C.I. Solvent Yellow 14,,1.0,no,
97-56-3,C.I. Solvent Yellow 3,,1.0,no,
492-80-8,C.I. Solvent Yellow 34,,1.0,no,
128-66-5,C.I. Vat Yellow 4,,1.0,no,
543-90-8,Cadmium acetate,,1.0,no,
7789-42-6,Cadmium bromide,,1.0,no,
10108-64-2,Cadmium chloride,,1.0,no,
1306-19-0,Cadmium oxide,,1.0,no,
2223-93-0,Cadmium stearate,,1.0,no,
7440-43-9,Cadmium ††,,1.0,no,
7778-44-1,Calcium arsenate,,1.0,no,
52740-16-6,Calcium arsenite,,1.0,no,
13765-19-0,Calcium chromate,,1.0,no,
156-62-7,Calcium cyanamide,,1.0,no,
592-01-8,Calcium cyanide,,1.0,no,
133-06-2,Captan,,1.0,no,
63-25-2,Carbaryl,,1.0,no,
1563-66-2,Carbofuran,,1.0,no,
75-15-0,Carbon disulfide,,1.0,no,
56-23-5,Carbon tetrachloride,,1.0,no,
463-58-1,Carbonyl sulfide,,1.0,no,
5234-68-4,Carboxin,,1.0,no,
120-80-9,Catechol,,1.0,no,
2439-01-2,Chinomethionat,,1.0,no,
133-90-4,Chloramben,,1.0,no,
57-74-9,Chlordane,,0.1,yes,0.1
5103-71-9,"Chlordane, alpha isomer",,1.0,no,
5103-74-2,"Chlordane, gamma isomer",,1.0,no,
115-28-6,Chlorendic acid,,1.0,no,
90982-32-4,Chlorimuron-ethyl,,1.0,no,
7782-50-5,Chlorine (3),,1.0,no,
10049-04-4,Chlorine dioxide,,1.0,no,
79-11-8,Chloroacetic acid,,1.0,no,
108-90-7,Chlorobenzene,,1.0,no,
510-15-6,Chlorobenzilate,,1.0,no,
75-45-6,Chlorodifluoromethane,,1.0,no,
75-00-3,Chloroethane,,1.0,no,
67-66-3,Chloroform,,1.0,no,
74-87-3,Chloromethane,,1.0,no,
107-30-2,Chloromethyl methyl ether,,1.0,no,
76-06-2,Chloropicrin,,1.0,no,
126-99-8,Chloroprene,,1.0,no,
63938-10-3,Chlorotetrafluoroethane,,1.0,no,
1897-45-6,Chlorothalonil,,1.0,no,
75-72-9,Chlorotrifluoromethane,,1.0,no,
5598-13-0,Chlorpyrifos-methyl,,1.0,no,
64902-72-3,Chlorsulfuron,,1.0,no,
1066-30-4,Chromic acetate,,1.0,no,
7738-94-5,Chromic acid (4),,1.0,no,
10025-73-7,Chromic chloride,,1.0,no,
10101-53-8,Chromic sulfate,,1.0,no,
7440-47-3,Chromium ††,,1.0,no,
68141-02-6,Chromium(III) perfluorooctanoate,,1.0,no,
10049-05-5,Chromous chloride,,1.0,no,
156-59-2,"cis- 1,2-Dichloroethylene",,1.0,no,
10061-01-5,"cis-1,3-Dichloropropene",,1.0,no,
1476-11-5,"cis-1,4-dichloro-2-butene",,1.0,no,
7440-48-4,Cobalt,,1.0,no,
10210-68-1,Cobalt carbonyl,,1.0,no,
62207-76-5,"Cobalt, ((2,2'-(1,2-ethanediylbis(nitrilomethylidyne))bis(6-fluorophenylato))(2-)-N,N',O,O')-",,1.0,no,
7789-43-7,Cobaltous bromide,,1.0,no,
544-18-3,Cobaltous formate,,1.0,no,
14017-41-5,Cobaltous sulfamate,,1.0,no,
544-92-3,Copper cyanide,,1.0,no,
7440-50-8,Copper ††,,1.0,no,
8001-58-9,Creosote,,1.0,no,
1319-77-3,Cresol (mixed isomers),,1.0,no,
4170-30-3,Crotonaldehyde,,1.0,no,
98-82-8,Cumene,,1.0,no,
80-15-9,Cumene hydroperoxide,,1.0,no,
135-20-6,Cupferron,,1.0,no,
142-71-2,Cupric acetate,,1.0,no,
12002-03-8,Cupric acetoarsenite,,1.0,no,
7447-39-4,Cupric chloride,,1.0,no,
3251-23-8,Cupric nitrate,,1.0,no,
814-91-5,Cupric oxalate (5),,1.0,no,
7758-98-7,Cupric sulfate,,1.0,no,
10380-29-7,"Cupric sulfate, ammoniated",,1.0,no,
815-82-7,Cupric tartrate,,1.0,no,
21725-46-2,Cyanazine,,1.0,no,
506-68-3,Cyanogen bromide,,1.0,no,
506-77-4,Cyanogen chloride,,1.0,no,
506-78-5,Cyanogen iodide,,1.0,no,
675-14-9,Cyanuric fluoride,,1.0,no,
1134-23-2,Cycloate,,1.0,no,
110-82-7,Cyclohexane,,1.0,no,
67584-42-3,"Cyclohexanesulfonic acid, decafluoro(pentafluoroethyl)-, potassium salt",,1.0,no,
68156-07-0,"Cyclohexanesulfonic acid, decafluoro(trifluoromethyl)-, potassium salt",,1.0,no,
68156-01-4,"Cyclohexanesulfonic acid, nonafluorobis(trifluoromethyl)-, potassium salt",,1.0,no,
3107-18-4,"Cyclohexanesulfonic acid, undecafluoro-, potassium salt",,1.0,no,
108-93-0,Cyclohexanol,,1.0,no,
68359-37-5,Cyfluthrin,,1.0,no,
68085-85-8,Cyhalothrin,,1.0,no,
28434-00-6,d-trans-Allethrin,,1.0,no,
533-74-4,Dazomet,,1.0,no,
53404-60-7,"Dazomet, sodium salt",,1.0,no,
1163-19-5,Decabromodiphenyl oxide,,1.0,no,
2043-53-0,"Decane, 1,1,1,2,2,3,3,4,4,5,5,6,6,7,7,8,8-heptadecafluoro-10-iodo-",,1.0,no,
13684-56-5,Desmedipham,,1.0,no,
117-81-7,Di(2-ethylhexyl) phthalate,,1.0,no,
68515-48-0,"Di(C8–10, C9 rich) branched alkyl phthalates",N125,1.0,no,
2303-16-4,Diallate,,1.0,no,
25376-45-8,Diaminotoluene (mixed isomers),,1.0,no,
333-41-5,Diazinon,,1.0,no,
334-88-3,Diazomethane,,1.0,no,
226-36-8,"Dibenz[a,h]acridine",N590,1.0,no,
53-70-3,"Dibenz[a,h]anthracene",N590,1.0,no,
224-42-0,"Dibenz[a,j]acridine",N590,1.0,no,
5385-75-1,"Dibenzo[a,e]fluoranthene",N590,1.0,no,
192-65-4,"Dibenzo[a,e]pyrene",N590,1.0,no,
189-64-0,"Dibenzo[a,h]pyrene",N590,1.0,no,
191-30-0,"Dibenzo[a,l]pyrene",N590,1.0,no,
132-64-9,Dibenzofuran,,1.0,no,
124-73-2,Dibromotetrafluoroethane,,1.0,no,
84-74-2,Dibutyl phthalate,,1.0,no,
683-18-1,Dibutyltin dichloride,,1.0,no,
1918-00-9,Dicamba,,1.0,no,
99-30-9,Dichloran,,1.0,no,
90454-18-5,"Dichloro-1,1,2-trifluoroethane",,1.0,no,
25321-22-6,Dichlorobenzene (mixed isomers),,1.0,no,
75-27-4,Dichlorobromomethane,,1.0,no,
75-71-8,Dichlorodifluoromethane,,1.0,no,
75-43-4,Dichlorofluoromethane,,1.0,no,
75-09-2,Dichloromethane,,1.0,no,
127564-92-5,Dichloropentafluoropropane,,1.0,no,
97-23-4,Dichlorophene,,1.0,no,
76-14-2,Dichlorotetrafluoroethane,,1.0,no,
34077-87-7,Dichlorotrifluoroethane,,1.0,no,
62-73-7,Dichlorvos,,1.0,no,
51338-27-3,Diclofop methyl,,1.0,no,
115-32-2,Dicofol,,1.0,no,
77-73-6,Dicyclopentadiene,,1.0,no,
1464-53-5,Diepoxybutane,,1.0,no,
111-42-2,Diethanolamine,,1.0,no,
38727-55-8,Diethatyl ethyl,,1.0,no,
64-67-5,Diethyl sulfate,,1.0,no,
134190-37-7,Diethyldiisocyanatobenzene,N120,1.0,no,
35367-38-5,Diflubenzuron,,1.0,no,
101-90-6,Diglycidyl resorcinol ether,,1.0,no,
94-58-6,Dihydrosafrole,,1.0,no,
28553-12-0,Diisononyl phthalate,N125,1.0,no,
55290-64-7,Dimethipin,,1.0,no,
60-51-5,Dimethoate,,1.0,no,
2524-03-0,Dimethyl chlorothiophosphate,,1.0,no,
131-11-3,Dimethyl phthalate,,1.0,no,
77-78-1,Dimethyl sulfate,,1.0,no,
124-40-3,Dimethylamine,,1.0,no,
2300-66-5,Dimethylamine dicamba,,1.0,no,
79-44-7,Dimethylcarbamoyl chloride,,1.0,no,
88-85-7,Dinitrobutyl phenol,,1.0,no,
25321-14-6,Dinitrotoluene (mixed isomers),,1.0,no,
39300-45-3,Dinocap,,1.0,no,
957-51-7,Diphenamid,,1.0,no,
122-39-4,Diphenylamine,,1.0,no,
2164-07-0,Dipotassium endothall,,1.0,no,
136-45-8,Dipropyl isocinchomeronate,,1.0,no,
138-93-2,Disodium cyanodithioimidocarbonate,,1.0,no,
118400-71-8,"Disulfides, bis(γ-ω-perfluoro-C6-20-alkyl)",,1.0,no,
330-54-1,Diuron,,1.0,no,
2043-54-1,"Dodecane, 1,1,1,2,2,3,3,4,4,5,5,6,6,7,7,8,8,9,9,10,10-heneicosafluoro-12-iodo-",,1.0,no,
2439-10-3,Dodine,,1.0,no,
106-89-8,Epichlorohydrin,,1.0,no,
56773-42-3,"Ethanaminium, N,N,N-triethyl-, salt with 1,1,2,2,3,3,4,4,5,5,6,6,7,7,8,8,8-heptadecafluoro-1-octanesulfonic acid (1:1)",,1.0,no,
65636-35-3,"Ethanaminium, N,N-diethyl-N-methyl-2-[(2-methyl-1-oxo-2-propenyl)oxy]-, methyl sulfate, polymer with 2-ethylhexyl 2-methyl-2- propenoate, α-fluoro-ω-[2-[(2-methyl-1-oxo-2-propenyl)oxy]ethyl]poly(difluoromethylene), 2-hydroxyethyl 2-methyl-2-propenoate and N-(hydroxymethyl)-2-propenamide",,1.0,no,
182176-52-9,"Ethaneperoxoic acid, reaction products with 3,3,4,4,5,5,6,6,7,7,8,8,9,9,10,10,10-heptadecafluorodecyl thiocyanate and 3,3,4,4,5,5,6,6,7,7,8,8,8-tridecafluorooctyl thiocyanate",,1.0,no,
65530-64-5,"Ethanol, 2,2'-iminobis-, compd. with α,α'-[phosphinicobis(oxy-2,1-ethanediyl)]bis[ω-fluoropoly(difluoromethylene)] (1:1)",,1.0,no,
65530-74-7,"Ethanol, 2,2'-iminobis-, compd. with α-fluoro-ω-[2-(phosphonooxy)ethyl]poly(difluoromethylene) (1:1)",,1.0,no,
65530-63-4,"Ethanol, 2,2'-iminobis-, compd. with α-fluoro-ω-[2-(phosphonooxy)ethyl]poly(difluoromethylene) (2:1)",,1.0,no,
27986-36-3,"Ethanol, 2-(nonylphenoxy)-",N535,1.0,no,
20427-84-3,"Ethanol, 2-[2-(4-nonylphenoxy)ethoxy]-",N535,1.0,no,
27176-93-8,"Ethanol, 2-[2-(nonylphenoxy)ethoxy]-",N535,1.0,no,
7311-27-5,"Ethanol, 2-[2-[2-[2-(4-nonylphenoxy)ethoxy]ethoxy]ethoxy]-",N535,1.0,no,
13194-48-4,Ethoprop,,1.0,no,
140-88-5,Ethyl acrylate,,1.0,no,
541-41-3,Ethyl chloroformate,,1.0,no,
100-41-4,Ethylbenzene,,1.0,no,
74-85-1,Ethylene,,1.0,no,
107-21-1,Ethylene glycol,,1.0,no,
75-21-8,Ethylene oxide,,1.0,no,
96-45-7,Ethylene thiourea,,1.0,no,
151-56-4,Ethyleneimine,,1.0,no,
75-34-3,Ethylidene dichloride,,1.0,no,
52-85-7,Famphur,,1.0,no,
72623-77-9,"Fatty acids, C6-18, perfluoro, ammonium salts",,1.0,no,
72968-38-8,"Fatty acids, C7-13, perfluoro, ammonium salts",,1.0,no,
178535-23-4,"Fatty acids, linseed-oil, γ-ω-perfluoro-C8-14-alkyl esters",,1.0,no,
60168-88-9,Fenarimol,,1.0,no,
13356-08-6,Fenbutatin oxide,,1.0,no,
66441-23-4,Fenoxaprop-ethyl,,1.0,no,
72490-01-8,Fenoxycarb,,1.0,no,
39515-41-8,Fenpropathrin,,1.0,no,
55-38-9,Fenthion,,1.0,no,
51630-58-1,Fenvalerate,,1.0,no,
14484-64-1,Ferbam,,1.0,no,
55488-87-4,Ferric ammonium oxalate,,1.0,no,
69806-50-4,Fluazifop-butyl,,1.0,no,
2164-17-2,Fluometuron,,1.0,no,
7782-41-4,Fluorine,,1.0,no,
51-21-8,Fluorouracil,,1.0,no,
69409-94-5,Fluvalinate,,1.0,no,
133-07-3,Folpet,,1.0,no,
72178-02-0,Fomesafen,,1.0,no,
50-00-0,Formaldehyde,,1.0,no,
75-12-7,Formamide,,1.0,no,
64-18-6,Formic acid,,1.0,no,
76-13-1,Freon 113,,1.0,no,
110-00-9,Furan,,1.0,no,
556-52-5,Glycidol,,1.0,no,
55910-10-6,"Glycine, N-[(heptadecafluorooctyl)sulfonyl]-N-propyl-, potassium salt",,1.0,no,
2991-51-7,"Glycine, N-ethyl-N-[(heptadecafluorooctyl)sulfonyl]-, potassium salt",,1.0,no,
67584-62-7,"Glycine, N-ethyl-N-[(pentadecafluoroheptyl)sulfonyl]-, potassium salt",,1.0,no,
67584-53-6,"Glycine, N-ethyl-N-[(tridecafluorohexyl)sulfonyl]-, potassium salt",,1.0,no,
67584-52-5,"Glycine, N-ethyl-N-[(undecafluoropentyl)sulfonyl]-, potassium salt",,1.0,no,
76-44-8,Heptachlor,,0.1,yes,0.1
25637-99-4,Hexabromocyclododecane,N270,0.1,yes,0.1
87-68-3,"Hexachloro-1,3-butadiene",,1.0,no,
118-74-1,Hexachlorobenzene,,0.1,yes,0.1
77-47-4,Hexachlorocyclopentadiene,,1.0,no,
67-72-1,Hexachloroethane,,1.0,no,
1335-87-1,Hexachloronaphthalene,,1.0,no,
70-30-4,Hexachlorophene,,1.0,no,
65510-55-6,"Hexadecane, 1,1,1,2,2,3,3,4,4,5,5,6,6,7,7,8,8,9,9,10,10,11,11,12,12,13,13,14,14-nonacosafluoro-16-iodo-",,1.0,no,
13252-13-6,Hexafluoropropylene oxide dimer acid,,1.0,no,
62037-80-3,Hexafluoropropylene oxide dimer acid ammonium salt,,1.0,no,
822-06-0,"Hexamethylene-1,6-diisocyanate",N120,1.0,no,
680-31-9,Hexamethylphosphoramide,,1.0,no,
135228-60-3,"Hexane, 1,6-diisocyanato-, homopolymer, γ-ω-perfluoro-C6-20-alc.- blocked",,1.0,no,
51235-04-2,Hexazinone,,1.0,no,
67485-29-4,Hydramethylnon,,1.0,no,
302-01-2,Hydrazine,,1.0,no,
10034-93-2,Hydrazine sulfate (1:1),,1.0,no,
7647-01-0,Hydrochloric acid (aerosol forms only),,1.0,no,
74-90-8,Hydrogen cyanide,,1.0,no,
7664-39-3,Hydrogen fluoride,,1.0,no,
7783-07-5,Hydrogen selenide,,1.0,no,
7783-06-4,Hydrogen sulfide,,1.0,no,
123-31-9,Hydroquinone,,1.0,no,
35554-44-0,Imazalil,,1.0,no,
193-39-5,"Indeno[1,2,3-cd]pyrene",N590,1.0,no,
13463-40-6,"Iron, pentacarbonyl-",,1.0,no,
78-84-2,Isobutyraldehyde,,1.0,no,
465-73-6,Isodrin,,0.1,yes,0.1
25311-71-1,Isofenphos,,1.0,no,
11066-49-2,Isononylphenol,N530,1.0,no,
4098-71-9,Isophorone diisocyanate,N120,1.0,no,
78-79-5,Isoprene,,1.0,no,
67-63-0,Isopropyl alcohol (mfg-strong acid process),,1.0,no,
120-58-1,Isosafrole,,1.0,no,
77501-63-4,Lactofen,,1.0,no,
301-04-2,Lead acetate,,1.0,no,
7645-25-2,Lead arsenate,,1.0,no,
7784-40-9,Lead arsenate,,1.0,no,
10102-48-4,Lead arsenate,,1.0,no,
7758-95-4,Lead chloride,,1.0,no,
13814-96-5,Lead fluoborate,,1.0,no,
7783-46-2,Lead fluoride,,1.0,no,
10101-63-0,Lead iodide,,1.0,no,
10099-74-8,Lead nitrate,,1.0,no,
7446-27-7,Lead phosphate,,1.0,no,
1072-35-1,Lead stearate,,1.0,no,
7428-48-0,Lead stearate,,1.0,no,
56189-09-4,Lead stearate,,1.0,no,
1335-32-6,Lead subacetate,,1.0,no,
7446-14-2,Lead sulfate,,1.0,no,
15739-80-7,Lead sulfate,,1.0,no,
1314-87-0,Lead sulfide,,1.0,no,
592-87-0,Lead thiocyanate,,1.0,no,
7439-92-1,Lead ††,,0.1,yes,0.1
58-89-9,Lindane,,0.1,yes,0.1
330-55-2,Linuron,,1.0,no,
29457-72-5,Lithium (perfluorooctane)sulfonate,,1.0,no,
90076-65-6,Lithium bis[(trifluoromethyl)sulfonyl] azanide,,1.0,no,
554-13-2,Lithium carbonate,,1.0,no,
14307-35-8,Lithium chromate,,1.0,no,
108-39-4,m-Cresol,,1.0,no,
99-65-0,m-Dinitrobenzene,,1.0,no,
108-38-3,m-Xylene,,1.0,no,
121-75-5,Malathion,,1.0,no,
108-31-6,Maleic anhydride,,1.0,no,
109-77-3,Malononitrile,,1.0,no,
12427-38-2,Maneb,,1.0,no,
7439-96-5,Manganese,,1.0,no,
15339-36-3,"Manganese, bis(dimethylcarbamodithioato-S,S')-",,1.0,no,
12108-13-3,"Manganese, tricarbonyl methylcyclopentadienyl",,1.0,no,
93-65-2,Mecoprop,,1.0,no,
1600-27-7,Mercuric acetate,,1.0,no,
7487-94-7,Mercuric chloride,,1.0,no,
592-04-1,Mercuric cyanide,,1.0,no,
10045-94-0,Mercuric nitrate,,1.0,no,
21908-53-2,Mercuric oxide,,1.0,no,
7783-35-9,Mercuric sulfate,,1.0,no,
592-85-8,Mercuric thiocyanate,,1.0,no,
7782-86-7,Mercurous nitrate,,1.0,no,
10415-75-5,Mercurous nitrate,,1.0,no,
7439-97-6,Mercury,,0.1,yes,0.1
628-86-4,Mercury fulminate,,1.0,no,
150-50-5,Merphos,,1.0,no,
126-98-7,Methacrylonitrile,,1.0,no,
137-42-8,Metham sodium,,1.0,no,
67-56-1,Methanol,,1.0,no,
20354-26-1,Methazole,,1.0,no,
2032-65-7,Methiocarb,,1.0,no,
94-74-6,Methoxone,,1.0,no,
3653-48-3,Methoxone sodium salt,,1.0,no,
72-43-5,Methoxychlor,,0.1,yes,0.1
151-38-2,Methoxyethylmercuric acetate,,1.0,no,
96-33-3,Methyl acrylate,,1.0,no,
79-22-1,Methyl chlorocarbonate,,1.0,no,
60-34-4,Methyl hydrazine,,1.0,no,
74-88-4,Methyl iodide,,1.0,no,
108-10-1,Methyl isobutyl ketone,,1.0,no,
624-83-9,Methyl isocyanate,,1.0,no,
556-61-6,Methyl isothiocyanate,,1.0,no,
80-62-6,Methyl methacrylate,,1.0,no,
298-00-0,Methyl parathion,,1.0,no,
376-27-2,Methyl perfluorooctanoate,,1.0,no,
1634-04-4,Methyl tert-butyl ether,,1.0,no,
74-95-3,Methylene bromide,,1.0,no,
93-15-2,Methyleugenol,,1.0,no,
502-39-6,Methylmercuric dicyanamide,,1.0,no,
9006-42-2,Metiram,,1.0,no,
21087-64-9,Metribuzin,,1.0,no,
7786-34-7,Mevinphos,,1.0,no,
90-94-8,Michler's ketone,,1.0,no,
2212-67-1,Molinate,,1.0,no,
1313-27-5,Molybdenum trioxide,,1.0,no,
76-15-3,Monochloropentafluoroethane,,1.0,no,
150-68-5,Monuron,,1.0,no,
505-60-2,Mustard gas,,1.0,no,
88671-89-0,Myclobutanil,,1.0,no,
121-69-7,"N,N-Dimethylaniline",,1.0,no,
68-12-2,"N,N-Dimethylformamide",,1.0,no,
71-36-3,n-Butyl alcohol,,1.0,no,
1691-99-2,N-Ethyl-N-(2-hydroxyethyl)perfluorooctanesulfonamide,,1.0,no,
110-54-3,n-Hexane,,1.0,no,
111-41-1,N-Hydroxyethylethylenediamine,,1.0,no,
872-50-4,N-Methyl-2-pyrrolidone,,1.0,no,
924-42-5,N-Methylolacrylamide,,1.0,no,
759-73-9,N-Nitroso-N-ethylurea,,1.0,no,
684-93-5,N-Nitroso-N-methylurea,,1.0,no,
924-16-3,N-Nitrosodi-n-butylamine,,1.0,no,
621-64-7,N-Nitrosodi-n-propylamine,,1.0,no,
55-18-5,N-Nitrosodiethylamine,,1.0,no,
62-75-9,N-Nitrosodimethylamine,,1.0,no,
86-30-6,N-Nitrosodiphenylamine,,1.0,no,
4549-40-0,N-Nitrosomethylvinylamine,,1.0,no,
59-89-2,N-Nitrosomorpholine,,1.0,no,
16543-55-8,N-Nitrosonornicotine,,1.0,no,
100-75-4,N-Nitrosopiperidine,,1.0,no,
142-59-6,Nabam,,1.0,no,
300-76-5,Naled,,1.0,no,
91-20-3,Naphthalene,,1.0,no,
15699-18-0,Nickel ammonium sulfate,,1.0,no,
13463-39-3,Nickel carbonyl,,1.0,no,
7718-54-9,Nickel chloride,,1.0,no,
37211-05-5,Nickel chloride,,1.0,no,
557-19-7,Nickel cyanide,,1.0,no,
12054-48-7,Nickel hydroxide,,1.0,no,
14216-75-2,Nickel nitrate,,1.0,no,
7786-81-4,Nickel sulfate,,1.0,no,
7440-02-0,Nickel ††,,1.0,no,
54-11-5,Nicotine,,1.0,no,
65-30-5,Nicotine sulfate,,1.0,no,
1929-82-4,Nitrapyrin,,1.0,no,
7697-37-2,Nitric acid,,1.0,no,
139-13-9,Nitrilotriacetic acid,,1.0,no,
5064-31-3,Nitrilotriacetic acid trisodium salt,,1.0,no,
98-95-3,Nitrobenzene,,1.0,no,
1836-75-5,Nitrofen,,1.0,no,
51-75-2,Nitrogen mustard,,1.0,no,
55-63-0,Nitroglycerin,,1.0,no,
75-52-5,Nitromethane,,1.0,no,
25154-52-3,Nonylphenol,N530,1.0,no,
90481-04-2,"Nonylphenol, branched",N530,1.0,no,
27314-13-2,Norflurazon,,1.0,no,
90-04-0,o-Anisidine,,1.0,no,
134-29-2,o-Anisidine hydrochloride,,1.0,no,
95-48-7,o-Cresol,,1.0,no,
528-29-0,o-Dinitrobenzene,,1.0,no,
91-23-6,o-Nitroanisole,,1.0,no,
88-72-2,o-Nitrotoluene,,1.0,no,
95-53-4,o-Toluidine,,1.0,no,
636-21-5,o-Toluidine hydrochloride,,1.0,no,
95-47-6,o-Xylene,,1.0,no,
2234-13-1,Octachloronaphthalene,,1.0,no,
29082-74-4,Octachlorostyrene,,1.0,no,
16517-11-6,"Octadecanoic acid, pentatriacontafluoro-",,1.0,no,
335-66-0,"Octanoyl fluoride, pentadecafluoro-",,1.0,no,
19044-88-3,Oryzalin,,1.0,no,
20816-12-0,Osmium tetroxide,,1.0,no,
301-12-2,Oxydemeton-methyl,,1.0,no,
19666-30-9,Oxydiazon,,1.0,no,
42874-03-3,Oxyfluorfen,,1.0,no,
10028-15-6,Ozone,,1.0,no,
140-66-9,"p-(1,1,3,3-Tetramethylbutyl)phenol",,1.0,no,
104-94-9,p-Anisidine,,1.0,no,
95-69-2,p-Chloro-o-toluidine,,1.0,no,
106-47-8,p-Chloroaniline,,1.0,no,
104-12-1,p-Chlorophenyl isocyanate,,1.0,no,
120-71-8,p-Cresidine,,1.0,no,
106-44-5,p-Cresol,,1.0,no,
100-25-4,p-Dinitrobenzene,,1.0,no,
100-01-6,p-Nitroaniline,,1.0,no,
156-10-5,p-Nitrosodiphenylamine,,1.0,no,
106-50-3,p-Phenylenediamine,,1.0,no,
106-42-3,p-Xylene,,1.0,no,
123-63-7,Paraldehyde,,1.0,no,
1910-42-5,Paraquat dichloride,,1.0,no,
56-38-2,Parathion,,1.0,no,
1114-71-2,Pebulate,,1.0,no,
40487-42-1,Pendimethalin,,1.0,no,
608-93-5,Pentachlorobenzene,,0.1,yes,0.1
76-01-7,Pentachloroethane,,1.0,no,
87-86-5,Pentachlorophenol,,0.1,yes,0.1
71608-60-1,"Pentanoic acid, 4,4-bis[(γ-ω-perfluoro-C8-20-alkyl)thio] derivs.",,1.0,no,
57-33-0,Pentobarbital sodium,,1.0,no,
79-21-0,Peracetic acid,,1.0,no,
594-42-3,Perchloromethyl mercaptan,,1.0,no,
377-73-1,Perfluoro-3-methoxypropanoic acid,,1.0,no,
375-73-5,Perfluorobutane sulfonic acid,,1.0,no,
45187-15-3,Perfluorobutanesulfonate,,1.0,no,
45048-62-2,Perfluorobutanoate,,1.0,no,
375-22-4,Perfluorobutanoic acid,,1.0,no,
335-76-2,Perfluorodecanoic acid,,1.0,no,
307-55-1,Perfluorododecanoic acid,,1.0,no,
355-46-4,Perfluorohexanesulfonic acid,,1.0,no,
307-24-4,Perfluorohexanoic acid,,1.0,no,
375-95-1,Perfluorononanoic acid,,1.0,no,
1763-23-1,Perfluorooctanesulfonic acid,,1.0,no,
335-67-1,Perfluorooctanoic acid,,1.0,no,
21652-58-4,Perfluorooctyl Ethylene,,1.0,no,
507-63-1,Perfluorooctyl iodide,,1.0,no,
307-35-7,Perfluorooctylsulfonyl fluoride,,1.0,no,
67905-19-5,Perfluoropalmitic acid,,1.0,no,
422-64-0,Perfluoropropanoic acid,,1.0,no,
376-06-7,Perfluorotetradecanoic acid,,1.0,no,
52645-53-1,Permethrin,,1.0,no,
85-01-8,Phenanthrene,,1.0,no,
108-95-2,Phenol,,1.0,no,
77-09-8,Phenolphthalein,,1.0,no,
26002-80-2,Phenothrin,,1.0,no,
58-36-6,"Phenoxarsine, 10,10'-oxydi-",,1.0,no,
62-38-4,Phenylmercuric acetate,,1.0,no,
57-41-0,Phenytoin,,1.0,no,
75-44-5,Phosgene,,1.0,no,
7803-51-2,Phosphine,,1.0,no,
68412-69-1,"Phosphinic acid, bis(perfluoro-C6-12-alkyl) derivs.",,1.0,no,
68412-68-0,"Phosphonic acid, perfluoro-C6-12-alkyl derivs.",,1.0,no,
74499-44-8,"Phosphoric acid, γ-ω-perfluoro-C8-16-alkyl esters, compds. with diethanolamine",,1.0,no,
12185-10-3,Phosphorus (yellow or white),,1.0,no,
85-44-9,Phthalic anhydride,,1.0,no,
1918-02-1,Picloram,,1.0,no,
88-89-1,Picric acid,,1.0,no,
51-03-6,Piperonyl butoxide,,1.0,no,
65530-62-3,"Poly(difluoromethylene), α,α'-[phosphinicobis(oxy-2,1-ethanediyl)]bis[ω-fluoro-",,1.0,no,
65530-70-3,"Poly(difluoromethylene), α,α'-[phosphinicobis(oxy-2,1-ethanediyl)]bis[ω-fluoro-, ammonium salt",,1.0,no,
123171-68-6,"Poly(difluoromethylene), α-[2-(acetyloxy)-3-[(carboxymethyl)dimethylammonio]propyl]-ω-fluoro-, inner salt",,1.0,no,
65530-83-8,"Poly(difluoromethylene), α-[2-[(2-carboxyethyl)thio]ethyl]-ω-fluoro-",,1.0,no,
65530-69-0,"Poly(difluoromethylene), α-[2-[(2-carboxyethyl)thio]ethyl]-ω-fluoro-, lithium salt",,1.0,no,
65530-59-8,"Poly(difluoromethylene), α-fluoro-ω-(2-hydroxyethyl)-, 2-hydroxy-1,2,3-propanetricarboxylate (3:1)",,1.0,no,
65605-56-3,"Poly(difluoromethylene), α-fluoro-ω-(2-hydroxyethyl)-, dihydrogen 2-hydroxy-1,2,3-propanetricarboxylate",,1.0,no,
65605-57-4,"Poly(difluoromethylene), α-fluoro-ω-(2-hydroxyethyl)-, hydrogen 2-hydroxy-1,2,3-propanetricarboxylate",,1.0,no,
65530-61-2,"Poly(difluoromethylene), α-fluoro-ω-[2-(phosphonooxy)ethyl]-",,1.0,no,
95144-12-0,"Poly(difluoromethylene), α-fluoro-ω-[2-(phosphonooxy)ethyl]-, ammonium salt",,1.0,no,
65530-72-5,"Poly(difluoromethylene), α-fluoro-ω-[2-(phosphonooxy)ethyl]-, diammonium salt",,1.0,no,
65530-71-4,"Poly(difluoromethylene), α-fluoro-ω-[2-(phosphonooxy)ethyl]-, monoammonium salt",,1.0,no,
65605-73-4,"Poly(difluoromethylene), α-fluoro-ω-[2-[(1-oxo-2-propenyl)oxy]ethyl]-, homopolymer",,1.0,no,
65530-65-6,"Poly(difluoromethylene), α-fluoro-ω-[2-[(1-oxooctadecyl)oxy]ethyl]-",,1.0,no,
65530-66-7,"Poly(difluoromethylene), α-fluoro-ω-[2-[(2-methyl-1-oxo-2-propenyl)oxy]ethyl]-",,1.0,no,
80010-37-3,"Poly(difluoromethylene), α-fluoro-ω-[2-sulphoethyl)-",,1.0,no,
51938-25-1,"Poly(oxy-1,2-ethanediyl), α-(2-nonylphenyl)-ω-hydroxy-",N535,1.0,no,
26027-38-3,"Poly(oxy-1,2-ethanediyl), α-(4-nonylphenyl)-ω-hydroxy-",N535,1.0,no,
127087-87-0,"Poly(oxy-1,2-ethanediyl), α-(4-nonylphenyl)-ω-hydroxy-, branched",N535,1.0,no,
37205-87-1,"Poly(oxy-1,2-ethanediyl), α-(isononylphenyl)-ω-hydroxy-",N535,1.0,no,
9016-45-9,"Poly(oxy-1,2-ethanediyl), α-(nonylphenyl)-ω-hydroxy-",N535,1.0,no,
68412-54-4,"Poly(oxy-1,2-ethanediyl), α-(nonylphenyl)-ω-hydroxy-, branched",N535,1.0,no,
29117-08-6,"Poly(oxy-1,2-ethanediyl), α-[2-[ethyl[(heptadecafluorooctyl)sulfonyl]amino]ethyl]-ω-hydroxy-",,1.0,no,
68958-61-2,"Poly(oxy-1,2-ethanediyl), α-[2-[ethyl[(heptadecafluorooctyl)sulfonyl]amino]ethyl]-ω-methoxy-",,1.0,no,
68298-81-7,"Poly(oxy-1,2-ethanediyl), α-[2-[ethyl[(pentadecafluoroheptyl)sulfonyl]amino]ethyl]-ω-hydroxy-",,1.0,no,
68958-60-1,"Poly(oxy-1,2-ethanediyl), α-[2-[ethyl[(pentadecafluoroheptyl)sulfonyl]amino]ethyl]-ω-methoxy-",,1.0,no,
56372-23-7,"Poly(oxy-1,2-ethanediyl), α-[2-[ethyl[(tridecafluorohexyl)sulfonyl]amino]ethyl]-ω-hydroxy-",,1.0,no,
68298-80-6,"Poly(oxy-1,2-ethanediyl), α-[2-[ethyl[(undecafluoropentyl)sulfonyl]amino]ethyl]-ω-hydroxy-",,1.0,no,
65545-80-4,"Poly(oxy-1,2-ethanediyl), α-hydro-ω-hydroxy-, ether with α-fluoro-ω-(2- hydroxyethyl)poly(difluoromethylene) (1:1)",,1.0,no,
70983-59-4,"Poly(oxy-1,2-ethanediyl), α-methyl-ω-hydroxy-, 2-hydroxy-3-[(γ-ω-perfluoro-C6-20-alkyl)thio]propyl ethers",,1.0,no,
37338-48-0,"Poly[oxy(methyl-1,2-ethanediyl)], α-[2-[ethyl[(heptadecafluorooctyl)sulfonyl]amino]ethyl]-ω-hydroxy-",,1.0,no,
68259-39-2,"Poly[oxy(methyl-1,2-ethanediyl)], α-[2-[ethyl[(pentadecafluoroheptyl)sulfonyl]amino]ethyl]-ω-hydroxy-",,1.0,no,
68259-38-1,"Poly[oxy(methyl-1,2-ethanediyl)], α-[2-[ethyl[(tridecafluorohexyl)sulfonyl]amino]ethyl]-ω-hydroxy-",,1.0,no,
68310-17-8,"Poly[oxy(methyl-1,2-ethanediyl)], α-[2-[ethyl[(undecafluoropentyl)sulfonyl]amino]ethyl]-ω-hydroxy-",,1.0,no,
1336-36-3,Polychlorinated biphenyls,,0.1,yes,0.1
9016-87-9,Polymeric diphenylmethane diisocyanate,N120,1.0,no,
7784-41-0,Potassium arsenate,,1.0,no,
10124-50-2,Potassium arsenite,,1.0,no,
7778-50-9,Potassium bichromate,,1.0,no,
7758-01-2,Potassium bromate,,1.0,no,
7789-00-6,Potassium chromate,,1.0,no,
151-50-8,Potassium cyanide,,1.0,no,
128-03-0,Potassium dimethyldithiocarbamate,,1.0,no,
2966-54-3,Potassium heptafluorobutanoate,,1.0,no,
137-41-7,Potassium N-methyldithiocarbamate,,1.0,no,
29420-49-3,Potassium perfluorobutane sulfonate,,1.0,no,
2795-39-3,Potassium perfluorooctanesulfonate,,1.0,no,
2395-00-8,Potassium perfluorooctanoate,,1.0,no,
7722-64-7,Potassium permanganate,,1.0,no,
506-61-6,Potassium silver cyanide,,1.0,no,
41198-08-7,Profenofos,,1.0,no,
7287-19-6,Prometryn,,1.0,no,
23950-58-5,Pronamide,,1.0,no,
1918-16-7,Propachlor,,1.0,no,
238420-80-9,"Propanedioic acid, mono(γ-ω-perfluoro-C8-12-alkyl) derivs., bis[4-(ethenyloxy)butyl] esters",,1.0,no,
238420-68-3,"Propanedioic acid, mono(γ-ω-perfluoro-C8-12-alkyl) derivs., di-me esters",,1.0,no,
709-98-8,Propanil,,1.0,no,
2312-35-8,Propargite,,1.0,no,
107-19-7,Propargyl alcohol,,1.0,no,
31218-83-4,Propetamphos,,1.0,no,
60207-90-1,Propiconazole,,1.0,no,
123-38-6,Propionaldehyde,,1.0,no,
114-26-1,Propoxur,,1.0,no,
115-07-1,Propylene,,1.0,no,
75-56-9,Propylene oxide,,1.0,no,
75-55-8,Propyleneimine,,1.0,no,
110-86-1,Pyridine,,1.0,no,
61798-68-3,"Pyridinium, 1-(3,3,4,4,5,5,6,6,7,7,8,8,9,9,10,10,10-heptadecafluorodecyl)-, salt with 4-methylbenzenesulfonic acid (1:1)",,1.0,no,
91-22-5,Quinoline,,1.0,no,
106-51-4,Quinone,,1.0,no,
82-68-8,Quintozene,,1.0,no,
76578-14-8,Quizalofop-ethyl,,1.0,no,
10453-86-8,Resmethrin,,1.0,no,
78-48-8,"S,S,S-Tributyltrithiophosphate",,1.0,no,
759-94-4,S-Ethyl dipropylthiocarbamate,,1.0,no,
81-07-2,Saccharin (manufacturing),,1.0,no,
94-59-7,Safrole,,1.0,no,
78-92-2,sec-Butyl alcohol,,1.0,no,
7783-00-8,Selenious acid,,1.0,no,
12039-52-0,"Selenious acid, dithallium(1+) salt",,1.0,no,
7446-08-4,Selenium dioxide,,1.0,no,
7791-23-3,Selenium oxychloride,,1.0,no,
7488-56-4,Selenium sulfide,,1.0,no,
7782-49-2,Selenium ††,,1.0,no,
74051-80-2,Sethoxydim,,1.0,no,
83048-65-1,"Silane, (3,3,4,4,5,5,6,6,7,7,8,8,9,9,10,10,10-heptadecafluorodecyl)trimethoxy-",,1.0,no,
78560-44-8,"Silane, trichloro(3,3,4,4,5,5,6,6,7,7,8,8,9,9,10,10,10-heptadecafluorodecyl)-",,1.0,no,
125476-71-3,"Silicic acid (H4SiO4), disodium salt, reaction products with chlorotrimethylsilane and 3,3,4,4,5,5,6,6,7,7,8,8,9,9,10,10,10- heptadecafluoro-1-decanol",,1.0,no,
143372-54-7,"Siloxanes and Silicones, (3,3,4,4,5,5,6,6,7,7,8,8,9,9,10,10,10-heptadecafluorodecyl)oxy Me, hydroxy Me, Me octyl, ethers with polyethylene glycol mono-Me ether",,1.0,no,
506-64-9,Silver cyanide,,1.0,no,
7761-88-8,Silver nitrate,,1.0,no,
7440-22-4,Silver ††,,1.0,no,
335-93-3,Silver(I) perfluorooctanoate,,1.0,no,
122-34-9,Simazine,,1.0,no,
7631-89-2,Sodium arsenate,,1.0,no,
7784-46-5,Sodium arsenite,,1.0,no,
26628-22-8,Sodium azide (Na(N3)),,1.0,no,
10588-01-9,Sodium bichromate,,1.0,no,
7775-11-3,Sodium chromate,,1.0,no,
143-33-9,Sodium cyanide (Na(CN)),,1.0,no,
1982-69-0,Sodium dicamba,,1.0,no,
128-04-1,Sodium dimethyldithiocarbamate,,1.0,no,
62-74-8,Sodium fluoroacetate,,1.0,no,
7632-00-0,Sodium nitrite,,1.0,no,
132-27-4,Sodium o-phenylphenoxide,,1.0,no,
131-52-2,Sodium pentachlorophenate,,1.0,no,
2218-54-4,Sodium perfluorobutanoate,,1.0,no,
3830-45-3,Sodium perfluorodecanoate (PFDA-Na),,1.0,no,
2923-26-4,Sodium perfluorohexanoate,,1.0,no,
335-95-5,Sodium perfluorooctanoate,,1.0,no,
13410-01-0,Sodium selenate,,1.0,no,
7782-82-3,Sodium selenite,,1.0,no,
10102-18-8,Sodium selenite,,1.0,no,
7789-06-2,Strontium chromate,,1.0,no,
57-24-9,Strychnine,,1.0,no,
60-41-3,"Strychnine, sulfate",,1.0,no,
100-42-5,Styrene,,1.0,no,
96-09-3,Styrene oxide,,1.0,no,
4151-50-2,Sulfluramid,,1.0,no,
180582-79-0,"Sulfonic acids, C6-12-alkane, γ-ω-perfluoro, ammonium salts",,1.0,no,
7664-93-9,Sulfuric acid (acid aerosols),,1.0,no,
2699-79-8,Sulfuryl fluoride,,1.0,no,
35400-43-2,Sulprofos,,1.0,no,
34014-18-1,Tebuthiuron,,1.0,no,
3383-96-8,Temephos,,1.0,no,
5902-51-2,Terbacil,,1.0,no,
75-65-0,tert-Butyl alcohol,,1.0,no,
79-94-7,Tetrabromobisphenol A,,1.0,no,
127-18-4,Tetrachloroethylene,,1.0,no,
961-11-5,Tetrachlorvinphos,,1.0,no,
64-75-5,Tetracycline hydrochloride,,1.0,no,
30046-31-2,"Tetradecane, 1,1,1,2,2,3,3,4,4,5,5,6,6,7,7,8,8,9,9,10,10,11,11,12,12-pentacosafluoro-14-iodo-",,1.0,no,
78-00-2,Tetraethyl lead,,1.0,no,
116-14-3,Tetrafluoroethylene,,1.0,no,
7696-12-0,Tetramethrin,,1.0,no,
75-74-1,Tetramethyllead,,1.0,no,
509-14-8,Tetranitromethane,,1.0,no,
1314-32-5,Thallic oxide,,1.0,no,
7791-12-0,Thallium chloride TlCl,,1.0,no,
10031-59-1,Thallium sulfate,,1.0,no,
7440-28-0,Thallium ††,,1.0,no,
563-68-8,Thallium(I) acetate,,1.0,no,
6533-73-9,Thallium(I) carbonate,,1.0,no,
10102-45-1,Thallium(I) nitrate,,1.0,no,
7446-18-6,Thallium(I) sulfate,,1.0,no,
148-79-8,Thiabendazole,,1.0,no,
62-55-5,Thioacetamide,,1.0,no,
28249-77-6,Thiobencarb,,1.0,no,
97553-95-2,"Thiocyanic acid, γ-ω-perfluoro-C4-20-alkyl esters",,1.0,no,
59669-26-0,Thiodicarb,,1.0,no,
68140-21-6,"Thiols, C10-20, γ-ω-perfluoro",,1.0,no,
68140-18-1,"Thiols, C4-10, γ-ω-perfluoro",,1.0,no,
1078712-88-5,"Thiols, C4-20, γ-ω-perfluoro, telomers with acrylamide and acrylic acid, sodium salts",,1.0,no,
68140-20-5,"Thiols, C6-12, γ-ω-perfluoro",,1.0,no,
70969-47-0,"Thiols, C8-20, γ-ω-perfluoro, telomers with acrylamide",,1.0,no,
23564-06-9,Thiophanate-ethyl,,1.0,no,
23564-05-8,Thiophanate-methyl,,1.0,no,
79-19-6,Thiosemicarbazide,,1.0,no,
62-56-6,Thiourea,,1.0,no,
137-26-8,Thiram,,1.0,no,
1314-20-1,Thorium dioxide,,1.0,no,
7550-45-0,Titanium tetrachloride,,1.0,no,
108-88-3,Toluene,,1.0,no,
584-84-9,"Toluene-2,4-diisocyanate",,1.0,no,
91-08-7,"Toluene-2,6-diisocyanate",,1.0,no,
26471-62-5,Toluenediisocyanate (mixed isomers),,1.0,no,
8001-35-2,Toxaphene,,0.1,yes,0.1
156-60-5,"trans-1,2-Dichloroethylene",,1.0,no,
10061-02-6,"trans-1,3-Dichloropropene",,1.0,no,
110-57-6,"trans-1,4-Dichloro-2-butene",,1.0,no,
43121-43-3,Triadimefon,,1.0,no,
2303-17-5,Triallate,,1.0,no,
68-76-8,Triaziquone,,1.0,no,
101200-48-0,Tribenuron-methyl,,1.0,no,
1983-10-4,Tributyltin fluoride,,1.0,no,
2155-70-6,Tributyltin methacrylate,,1.0,no,
52-68-6,Trichlorfon,,1.0,no,
76-02-8,Trichloroacetyl chloride,,1.0,no,
79-01-6,Trichloroethylene,,1.0,no,
75-69-4,Trichlorofluoromethane,,1.0,no,
25167-82-2,Trichlorophenol,,1.0,no,
57213-69-1,Triclopyr-triethylammonium salt,,1.0,no,
121-44-8,Triethylamine,,1.0,no,
1582-09-8,Trifluralin,,1.0,no,
26644-46-2,Triforine,,1.0,no,
2451-62-9,Triglycidyl isocyanurate,,1.0,no,
639-58-7,Triphenyltin chloride,,1.0,no,
76-87-9,Triphenyltin hydroxide,,1.0,no,
13674-87-8,"Tris(1,3-dichloro-2-propyl) phosphate",,1.0,no,
126-72-7,"Tris(2,3-dibromopropyl) phosphate",,1.0,no,
115-96-8,Tris(2-chloroethyl) phosphate,,1.0,no,
25155-23-1,Tris(dimethylphenol) phosphate,,1.0,no,
72-57-1,Trypan blue,,1.0,no,
51-79-6,Urethane,,1.0,no,
7440-62-2,Vanadium (except when contained in an alloy),,1.0,no,
1314-62-1,Vanadium pentoxide,,1.0,no,
27774-13-6,Vanadyl sulfate,,1.0,no,
50471-44-8,Vinclozolin,,1.0,no,
108-05-4,Vinyl acetate,,1.0,no,
593-60-2,Vinyl bromide,,1.0,no,
75-01-4,Vinyl chloride,,1.0,no,
75-02-5,Vinyl fluoride,,1.0,no,
75-35-4,Vinylidene chloride,,1.0,no,
129-06-6,Warfarin sodium,,1.0,no,
1330-20-7,Xylene (mixed isomers),,1.0,no,
7440-66-6,Zinc (fume or dust),,1.0,no,
557-34-6,Zinc acetate,,1.0,no,
14639-97-5,Zinc ammonium chloride,,1.0,no,
14639-98-6,Zinc ammonium chloride,,1.0,no,
52628-25-8,Zinc ammonium chloride,,1.0,no,
1332-07-6,Zinc borate,,1.0,no,
7699-45-8,Zinc bromide,,1.0,no,
3486-35-9,Zinc carbonate,,1.0,no,
7646-85-7,Zinc chloride,,1.0,no,
557-21-1,Zinc cyanide,,1.0,no,
7783-49-5,Zinc fluoride,,1.0,no,
557-41-5,Zinc formate,,1.0,no,
7779-86-4,Zinc hydrosulfite,,1.0,no,
7779-88-6,Zinc nitrate,,1.0,no,
127-82-2,Zinc phenolsulfonate,,1.0,no,
1314-84-7,Zinc phosphide,,1.0,no,
16871-71-9,Zinc silicofluoride,,1.0,no,
7733-02-0,Zinc sulfate,,1.0,no,
58270-08-9,"Zinc, dichloro(4,4-dimethyl-5((((methylamino)carbonyl)oxy)imino)pentanenitrile)-, (T-4)-",,1.0,no,
12122-67-7,Zineb,,1.0,no,
